{
        "cat": [
        {
        "id": 1,
        "name": "1. Общие положения",
        "documentId": 1},
        {
        "id": 2,
        "name": "2. Общие обязанности водителей",
        "documentId": 2},
        {
        "id": 3,
        "name": "3. Применение специальных сигналов",
        "documentId": 3},
        {
        "id": 4,
        "name": "4. Обязанности пешеходов",
        "documentId": 4},
        {
        "id": 5,
        "name": "5. Обязанности пассажиров",
        "documentId": 5},
        {
        "id": 6,
        "name": "6. Сигналы светофора и регулировщика",
        "documentId": 6},
        {
        "id": 7,
        "name": "7. Применение аварийной сигнализации и знака аварийной остановки",
        "documentId": 7},
        {
        "id": 8,
        "name": "8. Начало движения, маневрирование",
        "documentId": 8},
        {
        "id": 9,
        "name": "10. Скорость движения",
        "documentId": 9},
        {
        "id": 10,
        "name": "11. Обгон, опережение, встречный разъезд",
        "documentId": 10
        },
        {
        "id": 11,
        "name": "12. Остановка и стоянка",
        "documentId": 11
        },
        {
        "id": 12,
        "name": "13. Проезд перекрестков",
        "documentId": 12
        },
        {
        "id": 13,
        "name": "14. Пешеходные переходы и места остановок маршрутных транспортных средств",
        "documentId": 13
        },
        {
        "id": 14,
        "name": "15. Движение через железнодорожные пути",
        "documentId": 14
        },
        {
        "id": 15,
        "name": "16. Движение по автомагистралям",
        "documentId": 15
        },
        {
        "id": 16,
        "name": "17. Движение в жилых зонах",
        "documentId": 16
        },
        {
        "id": 17,
        "name": "18. Приоритет маршрутных транспортных средств",
        "documentId": 17
        },
        {
        "id": 18,
        "name": "19. Пользование внешними световыми приборами и звуковыми сигналами",
        "documentId": 18
        },
        {
        "id": 19,
        "name": "20. Буксировка механических транспортных средств",
        "documentId": 19
        },
        {
        "id": 20,
        "name": "21. Учебная езда",
        "documentId": 20
        },
        {
        "id": 21,
        "name": "22. Перевозка людей",
        "documentId": 21
        },
        {
        "id": 22,
        "name": "23. Перевозка грузов",
        "documentId": 22
        },
        {
        "id": 23,
        "name": "24. Дополнительные требования к движению велосипедистов и водителей мопедов",
        "documentId": 23
        },
        {
        "id": 24,
        "name": "25. Дополнительные требования к движению гужевых повозок, а также к прогону животных",
        "documentId": 24
        }
        ]
        }
