﻿{
  "cat": [
   
 {
      "id": 1,
      "name": "1. Загальні положення",
      "path": "pdd_ua/1.html"
    },
 
 {
      "id": 2,
      "name": "2. Обов’язки і права водіїв механічних транспортних засобів",
      "path": "pdd_ua/2.html"
    },
    
 {
      "id": 3,
      "name": "3. Рух транспортних засобів із спеціальними сигналами",
      "path": "pdd_ua/3.html"
    },
   
 {
      "id": 4,
      "name": "4. Обов’язки і права пішоходів",
      "path": "pdd_ua/4.html"
    },
   
 {
      "id": 5,
      "name": "5. Обов’язки і права пасажирів",
      "path": "pdd_ua/5.html"
    },
   
 {
      "id": 6,
      "name": "6. Вимоги до велосипедистів",
      "path": "pdd_ua/6.html"
    },
   
 {
      "id": 7,
      "name": "7. Вимоги до осіб, які керують гужовим транспортом, і погоничів тварин",
      "path": "pdd_ua/7.html"
    },
   
 {
      "id": 8,
      "name": "8. Регулювання дорожнього руху",
      "path": "pdd_ua/8.html"
    },
   
 {
      "id": 9,
      "name": "9. Попереджувальні сигнали",
      "path": "pdd_ua/9.html"
    },
   
 {
      "id": 10,
      "name": "10. Початок руху та зміна його напрямку",
      "path": "pdd_ua/10.html"
    },
   
 {
      "id": 11,
      "name": "11. Розташування транспортних засобів на дорозі",
      "path": "pdd_ua/11.html"
    },
   
 {
      "id": 12,
      "name": "12. Швидкість руху",
      "path": "pdd_ua/12.html"
    },
   
 {
      "id": 13,
      "name": "13. Дистанція, інтервал, зустрічний роз’їзд",
      "path": "pdd_ua/13.html"
    },
   
 {
      "id": 14,
      "name": "14. Обгін",
      "path": "pdd_ua/14.html"
    },
   
 {
      "id": 15,
      "name": "15. Зупинка і стоянка",
      "path": "pdd_ua/15.html"
    },
   
 {
      "id": 16,
      "name": "16. Проїзд перехресть",
      "path": "pdd_ua/16.html"
    },
   
 {
      "id": 17,
      "name": "17. Переваги маршрутних транспортних засобів",
      "path": "pdd_ua/17.html"
    },
   
 {
      "id": 18,
      "name": "18. Проїзд пішохідних переходів і зупинок транспортних засобів",
      "path": "pdd_ua/18.html"
    },
   
 {
      "id": 19,
      "name": "19. Користування зовнішніми світловими приладами",
      "path": "pdd_ua/19.html"
    },
   
 {
      "id": 20,
      "name": "20. Рух через залізничні переїзди",
      "path": "pdd_ua/20.html"
    },
   
 {
      "id": 21,
      "name": "21. Перевезення пасажирів",
      "path": "pdd_ua/21.html"
    },
   
 {
      "id": 22,
      "name": "22. Перевезення вантажу",
      "path": "pdd_ua/22.html"
    },
   
 {
      "id": 23,
      "name": "23. Буксирування та експлуатація транспортних составів",
      "path": "pdd_ua/23.html"
    },

{
      "id": 24,
      "name": "24. Навчальна їзда",
      "path": "pdd_ua/24.html"
    },

{
      "id": 25,
      "name": "25. Рух транспортних засобів у колонах",
      "path": "pdd_ua/25.html"
    },
  
{
      "id": 26,
      "name": "26. Рух у житловій та пішохідній зоні",
      "path": "pdd_ua/26.html"
    },

{
      "id": 27,
      "name": "27. Рух по автомагістралях і дорогах для автомобілів",
      "path": "pdd_ua/27.html"
    },

{
      "id": 28,
      "name": "28. Рух по гірських дорогах і на крутих спусках",
      "path": "pdd_ua/28.html"
    },

{
      "id": 29,
      "name": "29. Міжнародний рух",
      "path": "pdd_ua/29.html"
    },

{
      "id": 30,
      "name": "30. Номерні, розпізнавальні знаки, написи і позначення",
      "path": "pdd_ua/30.html"
    },

{
      "id": 31,
      "name": "31. Технічний стан транспортних засобів та їх обладнання",
      "path": "pdd_ua/31.html"
    },

{
      "id": 32,
      "name": "32. Окремі питання організації дорожнього руху, що потребують узгодження",
      "path": "pdd_ua/32.html"
    },
 
{
      "id": 33,
      "name": "33. Дорожні знаки",
      "path": "pdd_ua/33.html"
    },

 {
      "id": 34,
      "name": "34. Дорожня розмітка",
      "path": "pdd_ua/34.html"
    }
 
 ]
}
