﻿{
  "cat": [
   
 {
      "id": 1,
      "name": "1. Общие положения",
      "path": "pdd_ua/1.html"
    },
 
 {
      "id": 2,
      "name": "2. Обязанности и права водителей механических транспортных средств",
      "path": "pdd_ua/2.html"
    },
    
 {
      "id": 3,
      "name": "3. Движение транспортных средств со специальными сигналами",
      "path": "pdd_ua/3.html"
    },
   
 {
      "id": 4,
      "name": "4. Обязанности и права пешеходов",
      "path": "pdd_ua/4.html"
    },
   
 {
      "id": 5,
      "name": "5. Обязанности и права пассажиров",
      "path": "pdd_ua/5.html"
    },
   
 {
      "id": 6,
      "name": "6. Требования к велосипедистам",
      "path": "pdd_ua/6.html"
    },
   
 {
      "id": 7,
      "name": "7. Требования к лицам, управляющим гужевым транспортом, и погонщикам животных",
      "path": "pdd_ua/7.html"
    },
   
 {
      "id": 8,
      "name": "8. Регулирование дорожного движения",
      "path": "pdd_ua/8.html"
    },
   
 {
      "id": 9,
      "name": "9. Предупреждающие сигналы",
      "path": "pdd_ua/9.html"
    },
   
 {
      "id": 10,
      "name": "10. Начало движения и изменение его направления",
      "path": "pdd_ua/10.html"
    },
   
 {
      "id": 11,
      "name": "11. Расположение транспортных средств на дороге",
      "path": "pdd_ua/11.html"
    },
   
 {
      "id": 12,
      "name": "12. Скорость движения",
      "path": "pdd_ua/12.html"
    },
   
 {
      "id": 13,
      "name": "13. Дистанция, интервал, встречный разъезд",
      "path": "pdd_ua/13.html"
    },
   
 {
      "id": 14,
      "name": "14. Обгон",
      "path": "pdd_ua/14.html"
    },
   
 {
      "id": 15,
      "name": "15. Остановка и стоянка",
      "path": "pdd_ua/15.html"
    },
   
 {
      "id": 16,
      "name": "16. Проезд перекрестков",
      "path": "pdd_ua/16.html"
    },
   
 {
      "id": 17,
      "name": "17. Преимущества маршрутных транспортных средств",
      "path": "pdd_ua/17.html"
    },
   
 {
      "id": 18,
      "name": "18. Проезд пешеходных переходов и остановок транспортных средств",
      "path": "pdd_ua/18.html"
    },
   
 {
      "id": 19,
      "name": "19. Использование внешних световых приборов",
      "path": "pdd_ua/19.html"
    },
   
 {
      "id": 20,
      "name": "20. Движение через железнодорожные переезды",
      "path": "pdd_ua/20.html"
    },
   
 {
      "id": 21,
      "name": "21. Перевозка пассажиров",
      "path": "pdd_ua/21.html"
    },
   
 {
      "id": 22,
      "name": "22. Перевозка груза",
      "path": "pdd_ua/22.html"
    },
   
 {
      "id": 23,
      "name": "23. Буксировка и эксплуатация транспортных составов",
      "path": "pdd_ua/23.html"
    },

{
      "id": 24,
      "name": "24. Учебная езда",
      "path": "pdd_ua/24.html"
    },

{
      "id": 25,
      "name": "25. Движение транспортных средств в колоннах",
      "path": "pdd_ua/25.html"
    },
  
{
      "id": 26,
      "name": "26. Движение в жилой и пешеходной зоне",
      "path": "pdd_ua/26.html"
    },

{
      "id": 27,
      "name": "27. Движение по автомагистралям и дорогам для автомобилей",
      "path": "pdd_ua/27.html"
    },

{
      "id": 28,
      "name": "28. Движение по горным дорогам и на крутых спусках",
      "path": "pdd_ua/28.html"
    },

{
      "id": 29,
      "name": "29. Международное движение",
      "path": "pdd_ua/29.html"
    },

{
      "id": 30,
      "name": "30. Номерные, опознавательные знаки, надписи и обозначения",
      "path": "pdd_ua/30.html"
    },

{
      "id": 31,
      "name": "31. Техническое состояние транспортных средств и их оснащение",
      "path": "pdd_ua/31.html"
    },

{
      "id": 32,
      "name": "32. Отдельные вопросы дорожного движения, требующие согласования",
      "path": "pdd_ua/32.html"
    },
 
{
      "id": 33,
      "name": "33. Дорожные знаки",
      "path": "pdd_ua/33.html"
    },

 {
      "id": 34,
      "name": "34. Дорожная разметка",
      "path": "pdd_ua/34.html"
    }
 
 ]
}
